Name,Longitude,Latitude,Ellipsoidal height,Orthometric Height ITG2009,Origin,Tilt angle,Easting RMS,Northing RMS,Elevation RMS,Lateral RMS,Antenna height,Antenna height units,Solution status,Correction type,Averaging start,Averaging end,Samples,PDOP,GDOP,Base easting,Base northing,Base elevation,Base longitude,Base latitude,Base ellipsoidal height,Baseline,Mount point,CS name,GPS Satellites,GLONASS Satellites,Galileo Satellites,BeiDou Satellites,QZSS Satellites,Device type,Device serial number
runup1,8.24760687,44.11410235,47.232,1.849,Global,,0.01,0.01,0.01,0.014,1.934,m,FIX,RTK,2026-05-12 15:10:52.6 UTC+02:00,2026-05-12 15:10:52.6 UTC+02:00,1,1,1.2,,,,8.17005598,43.95796033,267.691,18431.179,CMEL00ITA0,SC globale,7,7,8,7,0,Reach RS3,82432F7080A04F72
runup2,8.24758365,44.11410693,47.284,1.901,Global,9,0.012,0.012,0.011,0.017,1.934,m,FIX,RTK,2026-05-12 15:12:21.8 UTC+02:00,2026-05-12 15:12:21.8 UTC+02:00,1,1.1,1.3,,,,8.17005598,43.95796033,267.691,18430.996,CMEL00ITA0,SC globale,7,7,8,7,0,Reach RS3,82432F7080A04F72
runup3,8.24760866,44.1141101,47.281,1.898,Global,2,0.012,0.012,0.013,0.017,1.934,m,FIX,RTK,2026-05-12 15:12:26.0 UTC+02:00,2026-05-12 15:12:26.0 UTC+02:00,1,1.1,1.3,,,,8.17005598,43.95796033,267.691,18432.031,CMEL00ITA0,SC globale,7,7,8,7,0,Reach RS3,82432F7080A04F72
runup4,8.24763109,44.11412023,47.249,1.866,Global,13,0.013,0.013,0.012,0.018,1.934,m,FIX,RTK,2026-05-12 15:12:29.6 UTC+02:00,2026-05-12 15:12:29.6 UTC+02:00,1,1.1,1.3,,,,8.17005598,43.95796033,267.691,18433.657,CMEL00ITA0,SC globale,7,7,8,7,0,Reach RS3,82432F7080A04F72
runup5,8.24763159,44.1141411,47.265,1.882,Global,12,0.012,0.012,0.011,0.017,1.934,m,FIX,RTK,2026-05-12 15:12:33.0 UTC+02:00,2026-05-12 15:12:33.0 UTC+02:00,1,1.1,1.3,,,,8.17005598,43.95796033,267.691,18435.867,CMEL00ITA0,SC globale,7,7,8,7,0,Reach RS3,82432F7080A04F72
runup6,8.24764937,44.11415463,47.231,1.848,Global,20,0.012,0.012,0.011,0.017,1.934,m,FIX,RTK,2026-05-12 15:12:36.2 UTC+02:00,2026-05-12 15:12:36.2 UTC+02:00,1,1.1,1.3,,,,8.17005598,43.95796033,267.691,18437.732,CMEL00ITA0,SC globale,7,7,8,7,0,Reach RS3,82432F7080A04F72
runup7,8.2476696,44.11418223,47.256,1.873,Global,47,0.015,0.015,0.014,0.021,1.934,m,FIX,RTK,2026-05-12 15:12:40.8 UTC+02:00,2026-05-12 15:12:40.8 UTC+02:00,1,1.1,1.3,,,,8.17005598,43.95796033,267.691,18441.083,CMEL00ITA0,SC globale,7,7,8,7,0,Reach RS3,82432F7080A04F72
runup8,8.2476636,44.11420702,47.243,1.86,Global,40,0.014,0.014,0.013,0.02,1.934,m,FIX,RTK,2026-05-12 15:12:45.0 UTC+02:00,2026-05-12 15:12:45.0 UTC+02:00,1,1.1,1.3,,,,8.17005598,43.95796033,267.691,18443.543,CMEL00ITA0,SC globale,7,7,8,7,0,Reach RS3,82432F7080A04F72
runup9,8.24765418,44.11422423,47.264,1.881,Global,54,0.013,0.013,0.013,0.018,1.934,m,FIX,RTK,2026-05-12 15:12:49.2 UTC+02:00,2026-05-12 15:12:49.2 UTC+02:00,1,1.1,1.3,,,,8.17005598,43.95796033,267.691,18445.024,CMEL00ITA0,SC globale,7,7,8,7,0,Reach RS3,82432F7080A04F72
runup10,8.24768302,44.11423294,47.237,1.854,Global,14,0.013,0.013,0.012,0.018,1.934,m,FIX,RTK,2026-05-12 15:12:53.0 UTC+02:00,2026-05-12 15:12:53.0 UTC+02:00,1,1.1,1.3,,,,8.17005598,43.95796033,267.691,18446.885,CMEL00ITA0,SC globale,7,7,8,7,0,Reach RS3,82432F7080A04F72
runup11,8.24769314,44.11426064,47.261,1.878,Global,40,0.012,0.012,0.013,0.017,1.934,m,FIX,RTK,2026-05-12 15:12:59.0 UTC+02:00,2026-05-12 15:12:59.0 UTC+02:00,1,1.1,1.3,,,,8.17005598,43.95796033,267.691,18449.932,CMEL00ITA0,SC globale,7,7,8,8,0,Reach RS3,82432F7080A04F72
runup12,8.24769194,44.11427854,47.275,1.892,Global,37,0.014,0.014,0.013,0.02,1.934,m,FIX,RTK,2026-05-12 15:13:02.6 UTC+02:00,2026-05-12 15:13:02.6 UTC+02:00,1,1.1,1.3,,,,8.17005598,43.95796033,267.691,18451.83,CMEL00ITA0,SC globale,7,7,8,8,0,Reach RS3,82432F7080A04F72
runup13,8.24774728,44.11429081,47.21,1.827,Global,1,0.012,0.012,0.01,0.017,1.934,m,FIX,RTK,2026-05-12 15:13:09.0 UTC+02:00,2026-05-12 15:13:09.0 UTC+02:00,1,1.1,1.3,,,,8.17005598,43.95796033,267.691,18454.687,CMEL00ITA0,SC globale,7,7,8,8,0,Reach RS3,82432F7080A04F72
runup14,8.24778064,44.11430174,47.215,1.832,Global,17,0.013,0.013,0.012,0.018,1.934,m,FIX,RTK,2026-05-12 15:13:13.4 UTC+02:00,2026-05-12 15:13:13.4 UTC+02:00,1,1.1,1.3,,,,8.17005598,43.95796033,267.691,18456.673,CMEL00ITA0,SC globale,7,7,8,8,0,Reach RS3,82432F7080A04F72
runup15,8.24781725,44.11430966,47.168,1.785,Global,45,0.013,0.013,0.013,0.019,1.934,m,FIX,RTK,2026-05-12 15:13:18.0 UTC+02:00,2026-05-12 15:13:18.0 UTC+02:00,1,1.1,1.3,,,,8.17005598,43.95796033,267.691,18458.662,CMEL00ITA0,SC globale,7,7,8,8,0,Reach RS3,82432F7080A04F72
runup16,8.24783033,44.11432668,47.162,1.779,Global,28,0.013,0.013,0.012,0.018,1.934,m,FIX,RTK,2026-05-12 15:13:21.0 UTC+02:00,2026-05-12 15:13:21.0 UTC+02:00,1,1.1,1.3,,,,8.17005598,43.95796033,267.691,18460.614,CMEL00ITA0,SC globale,7,7,8,8,0,Reach RS3,82432F7080A04F72
runup17,8.24783026,44.11433965,47.175,1.792,Global,29,0.014,0.014,0.013,0.019,1.934,m,FIX,RTK,2026-05-12 15:13:23.8 UTC+02:00,2026-05-12 15:13:23.8 UTC+02:00,1,1.1,1.3,,,,8.17005598,43.95796033,267.691,18461.939,CMEL00ITA0,SC globale,7,7,8,8,0,Reach RS3,82432F7080A04F72
runup18,8.24784271,44.11434419,47.159,1.776,Global,27,0.012,0.012,0.012,0.017,1.934,m,FIX,RTK,2026-05-12 15:13:26.0 UTC+02:00,2026-05-12 15:13:26.0 UTC+02:00,1,1.1,1.3,,,,8.17005598,43.95796033,267.691,18462.846,CMEL00ITA0,SC globale,7,7,8,8,0,Reach RS3,82432F7080A04F72
runup19,8.24785328,44.11435816,47.15,1.767,Global,23,0.013,0.013,0.012,0.018,1.934,m,FIX,RTK,2026-05-12 15:13:28.8 UTC+02:00,2026-05-12 15:13:28.8 UTC+02:00,1,1.1,1.3,,,,8.17005598,43.95796033,267.691,18464.524,CMEL00ITA0,SC globale,7,7,8,8,0,Reach RS3,82432F7080A04F72
runup20,8.24789358,44.1143741,47.13,1.747,Global,27,0.014,0.014,0.014,0.02,1.934,m,FIX,RTK,2026-05-12 15:13:33.6 UTC+02:00,2026-05-12 15:13:33.6 UTC+02:00,1,1.1,1.3,,,,8.17005598,43.95796033,267.691,18467.293,CMEL00ITA0,SC globale,7,7,8,8,0,Reach RS3,82432F7080A04F72
runup21,8.24791965,44.11440204,47.136,1.753,Global,14,0.012,0.012,0.011,0.018,1.934,m,FIX,RTK,2026-05-12 15:13:38.2 UTC+02:00,2026-05-12 15:13:38.2 UTC+02:00,1,1.1,1.3,,,,8.17005598,43.95796033,267.691,18470.936,CMEL00ITA0,SC globale,7,7,8,8,0,Reach RS3,82432F7080A04F72
runup22,8.24794515,44.11445137,47.128,1.745,Global,22,0.012,0.012,0.011,0.017,1.934,m,FIX,RTK,2026-05-12 15:13:46.2 UTC+02:00,2026-05-12 15:13:46.2 UTC+02:00,1,1.1,1.3,,,,8.17005598,43.95796033,267.691,18476.759,CMEL00ITA0,SC globale,7,7,8,8,0,Reach RS3,82432F7080A04F72
runup23,8.24795735,44.11448032,47.135,1.752,Global,46,0.014,0.014,0.013,0.019,1.934,m,FIX,RTK,2026-05-12 15:13:50.4 UTC+02:00,2026-05-12 15:13:50.4 UTC+02:00,1,1.1,1.3,,,,8.17005598,43.95796033,267.691,18480.042,CMEL00ITA0,SC globale,7,7,8,7,0,Reach RS3,82432F7080A04F72
runup24,8.24795181,44.1144948,47.147,1.764,Global,23,0.012,0.012,0.011,0.017,1.934,m,FIX,RTK,2026-05-12 15:13:53.8 UTC+02:00,2026-05-12 15:13:53.8 UTC+02:00,1,1.1,1.3,,,,8.17005598,43.95796033,267.691,18481.471,CMEL00ITA0,SC globale,7,7,8,8,0,Reach RS3,82432F7080A04F72
runup25,8.24795704,44.11452024,47.188,1.805,Global,28,0.015,0.015,0.014,0.021,1.934,m,FIX,RTK,2026-05-12 15:13:57.8 UTC+02:00,2026-05-12 15:13:57.8 UTC+02:00,1,1.1,1.3,,,,8.17005598,43.95796033,267.691,18484.29,CMEL00ITA0,SC globale,7,7,8,7,0,Reach RS3,82432F7080A04F72
runup26,8.24797492,44.1145299,47.171,1.788,Global,27,0.014,0.014,0.013,0.019,1.934,m,FIX,RTK,2026-05-12 15:14:00.6 UTC+02:00,2026-05-12 15:14:00.6 UTC+02:00,1,1.1,1.3,,,,8.17005598,43.95796033,267.691,18485.755,CMEL00ITA0,SC globale,7,7,8,8,0,Reach RS3,82432F7080A04F72
runup27,8.24799899,44.11453991,47.14,1.757,Global,29,0.013,0.013,0.013,0.018,1.934,m,FIX,RTK,2026-05-12 15:14:03.8 UTC+02:00,2026-05-12 15:14:03.8 UTC+02:00,1,1.1,1.3,,,,8.17005598,43.95796033,267.691,18487.589,CMEL00ITA0,SC globale,7,7,8,8,0,Reach RS3,82432F7080A04F72
runup28,8.2480307,44.11454839,47.121,1.738,Global,57,0.017,0.017,0.016,0.023,1.934,m,FIX,RTK,2026-05-12 15:14:07.4 UTC+02:00,2026-05-12 15:14:07.4 UTC+02:00,1,1.1,1.3,,,,8.17005598,43.95796033,267.691,18489.229,CMEL00ITA0,SC globale,7,7,8,8,0,Reach RS3,82432F7080A04F72
runup29,8.24805311,44.11455559,47.096,1.713,Global,32,0.013,0.013,0.012,0.019,1.934,m,FIX,RTK,2026-05-12 15:14:10.4 UTC+02:00,2026-05-12 15:14:10.4 UTC+02:00,1,1.1,1.3,,,,8.17005598,43.95796033,267.691,18490.58,CMEL00ITA0,SC globale,7,7,8,8,0,Reach RS3,82432F7080A04F72
runup30,8.2480856,44.11456358,47.077,1.694,Global,29,0.013,0.013,0.013,0.019,1.934,m,FIX,RTK,2026-05-12 15:14:14.0 UTC+02:00,2026-05-12 15:14:14.0 UTC+02:00,1,1.1,1.3,,,,8.17005598,43.95796033,267.691,18492.273,CMEL00ITA0,SC globale,7,7,8,8,0,Reach RS3,82432F7080A04F72
runup31,8.24807908,44.1145935,47.108,1.725,Global,34,0.015,0.015,0.014,0.021,1.934,m,FIX,RTK,2026-05-12 15:14:18.6 UTC+02:00,2026-05-12 15:14:18.6 UTC+02:00,1,1.1,1.3,,,,8.17005598,43.95796033,267.691,18495.238,CMEL00ITA0,SC globale,7,7,7,8,0,Reach RS3,82432F7080A04F72
runup32,8.24809298,44.11459944,47.083,1.7,Global,18,0.012,0.012,0.011,0.017,1.934,m,FIX,RTK,2026-05-12 15:14:22.0 UTC+02:00,2026-05-12 15:14:22.0 UTC+02:00,1,1.1,1.3,,,,8.17005598,43.95796033,267.691,18496.268,CMEL00ITA0,SC globale,7,7,8,7,0,Reach RS3,82432F7080A04F72